topic_label,format_label,mean_score,zscore,doc_count
adult_content,about_org,2.0124411718777323e-06,-0.34749413175383426,10000
adult_content,about_pers,7.685574739250356e-06,1.0610720098352404,10000
adult_content,academic_writing,1.4598748195658847e-06,-0.4846892542738055,5659
adult_content,audio_transcript,4.111483628722734e-06,0.17367112891869266,10000
adult_content,comment_section,2.8959511275117753e-06,-0.12812996652066297,10000
adult_content,content_listing,-9.921272635102674e-07,-1.093489853151032,10000
adult_content,creative_writing,2.0581012596712967e-06,-0.3361573188753415,10000
adult_content,customer_support,8.528204627968382e-06,1.27028617993081,9493
adult_content,documentation,-6.387870187243389e-06,-2.433183463539478,935
adult_content,faq,9.578780252832453e-06,1.5311306033501675,10000
adult_content,knowledge_article,4.331733518888381e-07,-0.7396060313451163,10000
adult_content,legal_notices,2.7362482263797007e-06,-0.16778214403009697,10000
adult_content,listicle,4.181774963663209e-06,0.19112356385054013,10000
adult_content,news_article,6.74252720829771e-07,-0.6797491229023409,10000
adult_content,news_org,3.067364097565963e-06,-0.08557032942060244,9032
adult_content,nonfiction_writing,4.8849680331880974e-06,0.36571736407928623,10000
adult_content,personal_blog,3.635294936018951e-06,0.05543959751113022,10000
adult_content,product_page,7.598516082225971e-06,1.0394564643592759,10000
adult_content,q_a_forum,5.8141419487961695e-06,0.5964193036035861,10000
adult_content,spam_ads,1.735519271777086e-06,-0.41625027995905456,10000
adult_content,structured_data,5.7614092195499735e-06,0.5833264447650491,10000
adult_content,truncated,1.572211335241036e-06,-0.4567975414197063,10000
adult_content,tutorial,3.8036551324219126e-06,0.097241270154337,10000
adult_content,user_review,6.603254460568531e-07,-0.6832070862054727,10000
art_and_design,about_org,1.544408170017697e-06,-0.46370070995919466,10000
art_and_design,about_pers,2.0833995447876672e-06,-0.32987607986836187,10000
art_and_design,academic_writing,1.8089431799095831e-06,-0.39802006737012735,10000
art_and_design,audio_transcript,3.809050314117179e-06,0.09858082441891126,10000
art_and_design,comment_section,8.440051331558606e-06,1.2483988495660883,10000
art_and_design,content_listing,4.084167324730004e-06,0.16688884176458746,10000
art_and_design,creative_writing,4.783100679609475e-06,0.34042500960179733,10000
art_and_design,customer_support,6.268187614730492e-06,0.7091530060936095,10000
art_and_design,documentation,2.5090425711130293e-06,-0.22419438770205566,10000
art_and_design,faq,4.632623435687177e-06,0.3030634441897649,10000
art_and_design,knowledge_article,5.767380274116274e-07,-0.7039607678116373,10000
art_and_design,legal_notices,3.2698737792724586e-07,-0.7659706437515941,10000
art_and_design,listicle,3.951541217749321e-06,0.1339594841943447,10000
art_and_design,news_article,-9.104306718329624e-07,-1.0732056395760687,10000
art_and_design,news_org,3.464565482307458e-06,0.013049668732953615,10000
art_and_design,nonfiction_writing,1.777284178734817e-06,-0.4058805904129431,10000
art_and_design,personal_blog,7.1990878515547866e-06,0.9402835689855422,10000
art_and_design,product_page,4.328460339445784e-06,0.22754365714464067,10000
art_and_design,q_a_forum,5.926922644583676e-06,0.6244213006700348,10000
art_and_design,spam_ads,5.075095670868324e-06,0.41292361259014415,10000
art_and_design,structured_data,-1.1167022223870227e-06,-1.124420214137564,10000
art_and_design,truncated,1.1010965856174116e-06,-0.5737692779815832,10000
art_and_design,tutorial,3.4281332039455493e-06,0.004004002320890088,10000
art_and_design,user_review,4.474424996875448e-06,0.26378480533592014,10000
crime_and_law,about_org,2.9142935005533665e-06,-0.12357579106966138,10000
crime_and_law,about_pers,4.5161122395377896e-06,0.27413521183579326,10000
crime_and_law,academic_writing,4.944623086856836e-07,-0.724388771188604,10000
crime_and_law,audio_transcript,2.104681939583608e-06,-0.3245919348071736,10000
crime_and_law,comment_section,-1.453660092649045e-06,-1.2080825220237612,10000
crime_and_law,content_listing,4.164711568567636e-06,0.1868869421833876,10000
crime_and_law,creative_writing,5.8598967599043485e-06,0.607779635063512,10000
crime_and_law,customer_support,8.286964333818014e-06,1.2103893158270853,10000
crime_and_law,documentation,6.159481752778984e-06,0.6821627378902004,10000
crime_and_law,faq,5.038713303024167e-06,0.4038903383180822,10000
crime_and_law,knowledge_article,2.311428777819513e-06,-0.27325935242368504,10000
crime_and_law,legal_notices,2.6284910518179496e-07,-0.781895352432671,10000
crime_and_law,listicle,2.439697612360803e-06,-0.24141184959120238,10000
crime_and_law,news_article,1.3609853833727923e-06,-0.5092422301430011,10000
crime_and_law,news_org,4.4510306733961616e-06,0.25797629552966045,10000
crime_and_law,nonfiction_writing,1.9053502234093856e-06,-0.3740834376976803,10000
crime_and_law,personal_blog,5.924840607263526e-06,0.6239043575662174,10000
crime_and_law,product_page,4.7797862494180946e-06,0.33960207918939006,10000
crime_and_law,q_a_forum,3.0075098133000465e-06,-0.1004313788291506,10000
crime_and_law,spam_ads,4.144695538272458e-06,0.1819172191497263,10000
crime_and_law,structured_data,1.573086853135397e-07,-0.8080996820558087,10000
crime_and_law,truncated,6.899471492134523e-06,0.865892678248764,10000
crime_and_law,tutorial,7.74627557355796e-06,1.076143246737476,10000
crime_and_law,user_review,5.08224477766055e-06,0.4146986439111144,10000
education_and_jobs,about_org,2.392282330600448e-06,-0.25318445457015987,10000
education_and_jobs,about_pers,1.7948359795958435e-06,-0.4015227038722591,10000
education_and_jobs,academic_writing,3.0510112259593436e-06,-0.08963053723860823,10000
education_and_jobs,audio_transcript,5.3139892886395145e-06,0.4722378271133996,10000
education_and_jobs,comment_section,5.15151080656393e-06,0.4318965085333671,10000
education_and_jobs,content_listing,2.9052229325194467e-06,-0.12582789651823392,10000
education_and_jobs,creative_writing,7.791712688532471e-06,1.0874246983311193,10000
education_and_jobs,customer_support,5.759116012875198e-06,0.5827570710248764,10000
education_and_jobs,documentation,-9.768695188545174e-07,-1.089701551278024,10000
education_and_jobs,faq,6.130949344046455e-06,0.6750785075611702,10000
education_and_jobs,knowledge_article,2.8286849707420013e-06,-0.1448312885987552,10000
education_and_jobs,legal_notices,1.2346586754984123e-06,-0.5406075278884362,10000
education_and_jobs,listicle,3.773603460762365e-06,0.08977982636932931,10000
education_and_jobs,news_article,3.3547684271162836e-06,-0.014211528725526189,10000
education_and_jobs,news_org,3.7587531408304287e-06,0.08609268281815464,10000
education_and_jobs,nonfiction_writing,2.73435387664831e-06,-0.16825248671818582,10000
education_and_jobs,personal_blog,5.1641981326298495e-06,0.43504660851101157,10000
education_and_jobs,product_page,3.7366622268109495e-06,0.08060779282657195,10000
education_and_jobs,q_a_forum,7.0664144379397165e-06,0.9073424657860666,10000
education_and_jobs,spam_ads,3.690900294149202e-06,0.0692456931764364,10000
education_and_jobs,structured_data,2.7974904799059176e-06,-0.15257647969535187,10000
education_and_jobs,truncated,3.171900100688552e-06,-0.059615383564511515,10000
education_and_jobs,tutorial,4.350074957450811e-06,0.23291028895820526,10000
education_and_jobs,user_review,3.001108654451956e-06,-0.10202070428981125,10000
electronics_and_hardware,about_org,-4.0290507827172027e-07,-0.9471935584941588,10000
electronics_and_hardware,about_pers,4.861066121177704e-06,0.3597828265653611,10000
electronics_and_hardware,academic_writing,4.208960866810374e-06,0.19787347415088072,10000
electronics_and_hardware,audio_transcript,4.762652360416197e-06,0.335347954791435,10000
electronics_and_hardware,comment_section,2.6481521610359327e-06,-0.18965526465678428,10000
electronics_and_hardware,content_listing,1.668753542301449e-07,-0.80572440113501,10000
electronics_and_hardware,creative_writing,7.171850844570305e-06,0.9335209702592911,10000
electronics_and_hardware,customer_support,1.467292664153863e-06,-0.48284749881254013,10000
electronics_and_hardware,documentation,5.599812179896624e-06,0.543203977008283,10000
electronics_and_hardware,faq,3.437624288382146e-06,0.006360516586875295,10000
electronics_and_hardware,knowledge_article,-1.3929129769838514e-07,-0.8817416453032874,10000
electronics_and_hardware,legal_notices,-2.234698927191525e-06,-1.402004425066886,10000
electronics_and_hardware,listicle,2.04267676122174e-06,-0.33998702357187677,10000
electronics_and_hardware,news_article,7.995190710484435e-07,-0.648647098332844,10000
electronics_and_hardware,news_org,1.072130928584425e-06,-0.5809610782945877,10000
electronics_and_hardware,nonfiction_writing,1.7547660985543722e-06,-0.4114715402714447,10000
electronics_and_hardware,personal_blog,1.3568319738768154e-06,-0.5102734683323914,10000
electronics_and_hardware,product_page,2.0360085763249767e-06,-0.3416426481680356,10000
electronics_and_hardware,q_a_forum,-1.9873229533926563e-06,-1.3405841505752547,10000
electronics_and_hardware,spam_ads,4.570936302536643e-06,0.28774732196284175,10000
electronics_and_hardware,structured_data,2.921143044168084e-06,-0.12187513743504282,10000
electronics_and_hardware,truncated,-2.9660580492365586e-06,-1.5835914940863174,10000
electronics_and_hardware,tutorial,2.4750351784906146e-06,-0.2326379861547965,10000
electronics_and_hardware,user_review,1.694256935268612e-06,-0.4264951877227208,10000
entertainment,about_org,2.349221230369736e-07,-0.7888292631222047,10000
entertainment,about_pers,1.8025195331065503e-06,-0.39961497630093706,10000
entertainment,academic_writing,2.6867505297264225e-06,-0.1800717858593381,10000
entertainment,audio_transcript,2.366992995963291e-06,-0.25946347128820146,10000
entertainment,comment_section,3.349199380035195e-06,-0.015594251530512051,10000
entertainment,content_listing,1.1221977159775689e-06,-0.5685301385498036,10000
entertainment,creative_writing,4.781922227753299e-06,0.3401324151538806,10000
entertainment,customer_support,4.444126666193959e-06,0.2562621192863513,10000
entertainment,documentation,-4.5169848185928645e-06,-1.9686666751050428,2871
entertainment,faq,2.7670401346295835e-06,-0.16013690901480557,10000
entertainment,knowledge_article,-7.367368008162956e-07,-1.0300796840860191,10000
entertainment,legal_notices,-2.921941444859133e-07,-0.9197054567277448,10000
entertainment,listicle,1.902185145276558e-06,-0.37486928591373947,10000
entertainment,news_article,-7.744341852521153e-07,-1.0394394600743986,10000
entertainment,news_org,1.7648880614510531e-06,-0.4089583869932136,10000
entertainment,nonfiction_writing,-6.667823212422875e-07,-1.0127108860116834,10000
entertainment,personal_blog,2.9691204992161603e-06,-0.10996295205499196,10000
entertainment,product_page,-1.8760515625807272e-06,-1.3129568945334416,10000
entertainment,q_a_forum,2.8947301301033514e-06,-0.1284331244823167,10000
entertainment,spam_ads,1.693848023829636e-06,-0.42659671517681824,10000
entertainment,structured_data,-6.421565731002942e-08,-0.8631013288268095,10000
entertainment,truncated,-3.198779697787035e-07,-0.9265789946964886,10000
entertainment,tutorial,2.917325169503182e-06,-0.1228230666388853,10000
entertainment,user_review,-1.1366234909868878e-06,-1.1293664090603583,10000
fashion_and_beauty,about_org,4.285654582209198e-06,0.21691553785351309,10000
fashion_and_beauty,about_pers,5.777282455233746e-06,0.5872675651487138,10000
fashion_and_beauty,academic_writing,1.824018864288668e-06,-0.39427696872358925,10000
fashion_and_beauty,audio_transcript,3.3700525442952765e-06,-0.010416678893993005,10000
fashion_and_beauty,comment_section,5.907910902362801e-06,0.6197009294559745,10000
fashion_and_beauty,content_listing,9.850554273249656e-07,-0.6025808059776033,10000
fashion_and_beauty,creative_writing,2.551761319170814e-06,-0.2135878716715972,10000
fashion_and_beauty,customer_support,6.898991698664503e-06,0.8657735516974849,10000
fashion_and_beauty,documentation,1.6723062831012714e-05,3.3049641339839164,1065
fashion_and_beauty,faq,5.0254215452923745e-06,0.40059016572724393,10000
fashion_and_beauty,knowledge_article,-1.2339745075828469e-06,-1.1535374151186293,10000
fashion_and_beauty,legal_notices,3.1335584882381655e-06,-0.0691351130879178,7720
fashion_and_beauty,listicle,2.56649468833845e-06,-0.20992976549189812,10000
fashion_and_beauty,news_article,4.663384662213055e-07,-0.7313715597650158,10000
fashion_and_beauty,news_org,4.329687706377605e-06,0.2278483965770793,10000
fashion_and_beauty,nonfiction_writing,5.538377342444889e-07,-0.70964661624172,10000
fashion_and_beauty,personal_blog,4.890795246410296e-06,0.3671641862186088,10000
fashion_and_beauty,product_page,3.849807173290673e-06,0.1087002286577728,10000
fashion_and_beauty,q_a_forum,9.205718110563898e-06,1.4385040688137107,10000
fashion_and_beauty,spam_ads,-4.5355871025574145e-07,-0.9597702042074818,10000
fashion_and_beauty,structured_data,2.911080014013123e-06,-0.12437365847103393,10000
fashion_and_beauty,truncated,3.4829671418226016e-06,0.017618564253262345,10000
fashion_and_beauty,tutorial,2.9710206518980375e-06,-0.10949116856888914,10000
fashion_and_beauty,user_review,7.281243293951478e-06,0.9606817092960029,10000
finance_and_business,about_org,2.135849511241794e-06,-0.3168534273964263,10000
finance_and_business,about_pers,2.9229300122874944e-06,-0.12143145622091159,10000
finance_and_business,academic_writing,3.2393554779317045e-06,-0.042867080475143725,10000
finance_and_business,audio_transcript,3.7645124418511256e-06,0.08752264323079659,10000
finance_and_business,comment_section,3.634116069193461e-06,0.055146900031667,10000
finance_and_business,content_listing,3.931762170224751e-06,0.12904860093641823,10000
finance_and_business,creative_writing,3.0156449584421095e-06,-0.09841152686057979,10000
finance_and_business,customer_support,4.581621495992431e-06,0.2904003181490611,10000
finance_and_business,documentation,1.865567931355705e-06,-0.38396086944790336,10000
finance_and_business,faq,5.843064996232072e-06,0.6036005245013439,10000
finance_and_business,knowledge_article,-1.737758182688243e-06,-1.2786204259470544,10000
finance_and_business,legal_notices,2.656933449926235e-07,-0.7811891642478671,10000
finance_and_business,listicle,2.624136050590664e-06,-0.19561815617416764,10000
finance_and_business,news_article,1.4981792684981342e-06,-0.4751787519742479,10000
finance_and_business,news_org,2.533896037584249e-06,-0.21802359144691089,10000
finance_and_business,nonfiction_writing,3.012586829141206e-06,-0.0991708210564062,10000
finance_and_business,personal_blog,5.381180830005583e-06,0.4889206231458678,10000
finance_and_business,product_page,2.8477417030396967e-06,-0.1400997469269288,10000
finance_and_business,q_a_forum,5.524668992909198e-06,0.5245468895795089,10000
finance_and_business,spam_ads,-3.277535536096998e-07,-0.9285344009279562,10000
finance_and_business,structured_data,-2.819076742165816e-06,-1.5470979248573034,10000
finance_and_business,truncated,6.248445277558545e-06,0.7042512375443599,10000
finance_and_business,tutorial,3.6668443387538495e-06,0.06327290867011932,10000
finance_and_business,user_review,4.837549110936745e-06,0.3539438552132094,10000
food_and_dining,about_org,4.1806388674664245e-06,0.19084148576840532,10000
food_and_dining,about_pers,1.9818478490945425e-06,-0.35509006055038894,10000
food_and_dining,academic_writing,5.69432947900399e-06,0.5666714074391059,10000
food_and_dining,audio_transcript,2.6999372700801772e-06,-0.1767976877335597,10000
food_and_dining,comment_section,3.5527436651401346e-06,0.03494317807658817,10000
food_and_dining,content_listing,1.229948282213522e-06,-0.5417770579930725,10000
food_and_dining,creative_writing,3.358531208350968e-06,-0.013277278512228697,10000
food_and_dining,customer_support,3.385633150159567e-06,-0.006548214733004146,10000
food_and_dining,documentation,6.529804997760112e-06,0.7741092394363277,8381
food_and_dining,faq,5.472593399814585e-06,0.5116171892004971,10000
food_and_dining,knowledge_article,2.412161610035768e-06,-0.2482486850171882,10000
food_and_dining,legal_notices,1.4650578689479942e-06,-0.483402369735812,10000
food_and_dining,listicle,2.490994444958794e-06,-0.22867550543321422,10000
food_and_dining,news_article,2.5199892829477434e-06,-0.22147645986394,10000
food_and_dining,news_org,1.5513909662831616e-06,-0.46196697140424237,10000
food_and_dining,nonfiction_writing,1.4996787676871292e-06,-0.47480644560037616,10000
food_and_dining,personal_blog,3.285165158526038e-06,-0.03149312562710518,10000
food_and_dining,product_page,2.2517051138459367e-06,-0.2880879704926552,10000
food_and_dining,q_a_forum,2.7724969434496925e-06,-0.1587820535272959,10000
food_and_dining,spam_ads,1.689072899904609e-06,-0.4277823170673445,10000
food_and_dining,structured_data,-2.23897786938565e-07,-0.9027483490389143,10000
food_and_dining,truncated,-1.452596057242772e-06,-1.207818335709632,10000
food_and_dining,tutorial,3.1783394660687137e-07,-0.768243323089058,10000
food_and_dining,user_review,5.075030575987682e-06,0.41290745036801885,10000
games,about_org,2.553182839277124e-06,-0.21323492650160306,10000
games,about_pers,2.673841622547535e-06,-0.1832769015791004,10000
games,academic_writing,2.209911883723592e-06,-0.2984646923164706,10000
games,audio_transcript,1.6199687209457635e-06,-0.4449399964288092,10000
games,comment_section,3.055984130143585e-06,-0.08839582905201195,10000
games,content_listing,-4.0751651173627225e-07,-0.9483385181474474,10000
games,creative_writing,4.873917188107679e-06,0.3629735812948044,10000
games,customer_support,5.530210076836184e-06,0.5259226694927729,10000
games,documentation,6.891357049625069e-07,-0.6760538692499775,10000
games,faq,3.847142994030178e-06,0.10803874719309514,10000
games,knowledge_article,2.204912987026475e-06,-0.29970585410990286,10000
games,legal_notices,1.7752869677732263e-06,-0.40637647222229917,10000
games,listicle,2.941547919292553e-06,-0.11680886922853012,10000
games,news_article,-5.441438582396152e-07,-0.9822613320587185,10000
games,news_org,1.1667729580297602e-06,-0.5574626789241468,10000
games,nonfiction_writing,-1.1367953392461772e-06,-1.1294090767741802,10000
games,personal_blog,2.0393007515139063e-06,-0.34082524338666825,10000
games,product_page,3.0792156685683025e-06,-0.08262773668234162,10000
games,q_a_forum,2.8221174294605243e-06,-0.14646192467892444,10000
games,spam_ads,2.4745993891714944e-07,-0.7857162846018573,10000
games,structured_data,3.7056061809709993e-06,0.07289697584292543,10000
games,truncated,-2.854232264962953e-07,-0.9180243248251745,10000
games,tutorial,4.957539332407812e-06,0.3837358848347144,10000
games,user_review,2.5528145263807645e-06,-0.21332637385942765,10000
health,about_org,6.671898861019798e-06,0.8093893191908883,10000
health,about_pers,5.716371318878588e-06,0.57214411295132,10000
health,academic_writing,4.532118140896469e-06,0.27810927140123576,10000
health,audio_transcript,6.011802268248662e-06,0.645495820172436,10000
health,comment_section,5.003661529315728e-06,0.3951874334662905,10000
health,content_listing,5.713173717324738e-06,0.5713501895878813,10000
health,creative_writing,4.532133630981727e-06,0.2781131173902938,10000
health,customer_support,8.415168751907997e-06,1.2422208248827258,10000
health,documentation,1.883098347146244e-05,3.828333733524182,10000
health,faq,4.195522156454912e-06,0.1945368151125332,10000
health,knowledge_article,2.4509735932484845e-06,-0.23861216847970168,10000
health,legal_notices,7.136392072713038e-06,0.9247170129987522,10000
health,listicle,4.569398833047389e-06,0.2873655880514908,10000
health,news_article,2.1078025966694725e-06,-0.3238171157660815,10000
health,news_org,6.925362377501054e-06,0.8723210522804984,10000
health,nonfiction_writing,3.5893291391420055e-06,0.044026880996857864,10000
health,personal_blog,5.421730217226184e-06,0.4989885147656971,10000
health,product_page,4.324436481022697e-06,0.22654458482138273,10000
health,q_a_forum,4.687770600026475e-06,0.3167557762264594,10000
health,spam_ads,1.7095060768259174e-06,-0.4227090218884715,10000
health,structured_data,9.795350245550072e-06,1.5849021487233728,10000
health,truncated,2.57173379817619e-06,-0.2086289618633799,10000
health,tutorial,4.3094633272094285e-06,0.2228269431963957,10000
health,user_review,6.748866156618228e-06,0.8284993093404478,10000
history_and_geography,about_org,2.777116534494528e-06,-0.15763506845168151,10000
history_and_geography,about_pers,2.026338767460345e-06,-0.34404353741215504,10000
history_and_geography,academic_writing,2.856153801095651e-06,-0.13801113110982718,10000
history_and_geography,audio_transcript,-7.069336162186524e-07,-1.0226799364443977,10000
history_and_geography,comment_section,5.731948779564844e-06,0.5760117962050314,10000
history_and_geography,content_listing,1.6061008328994014e-06,-0.4483832147711019,10000
history_and_geography,creative_writing,1.894262603230912e-06,-0.3768363512662975,10000
history_and_geography,customer_support,5.374252196725254e-06,0.4872003325639067,7740
history_and_geography,documentation,4.426131812760034e-06,0.2517942284868714,2439
history_and_geography,faq,1.723867944291424e-06,-0.41914315480608033,10000
history_and_geography,knowledge_article,-3.7544118332144554e-08,-0.8564791285379979,10000
history_and_geography,legal_notices,2.8395586653438e-06,-0.1421314900009995,10000
history_and_geography,listicle,5.152034553372431e-07,-0.7192390110843923,10000
history_and_geography,news_article,-9.472165130381184e-07,-1.082339091097368,10000
history_and_geography,news_org,4.141475090210278e-06,0.18111762329194103,10000
history_and_geography,nonfiction_writing,7.748194942760023e-07,-0.6547796857539001,10000
history_and_geography,personal_blog,3.677574789663396e-06,0.06593714170036166,10000
history_and_geography,product_page,1.308641929399279e-06,-0.5222384369351254,10000
history_and_geography,q_a_forum,5.662979924517231e-06,0.5588877160312546,10000
history_and_geography,spam_ads,1.9156764871772756e-06,-0.3715195591392377,10000
history_and_geography,structured_data,1.165181370349e-06,-0.5578578496868066,10000
history_and_geography,truncated,2.88306515169765e-06,-0.1313293886773175,10000
history_and_geography,tutorial,7.850194515701504e-06,1.1019449842842517,10000
history_and_geography,user_review,2.876484192595452e-07,-0.7757380015207428,10000
home_and_hobbies,about_org,4.982229214162581e-06,0.3898660651075035,10000
home_and_hobbies,about_pers,7.0509657238272185e-06,0.9035067486516942,10000
home_and_hobbies,academic_writing,2.5463890916486597e-06,-0.21492172671004367,10000
home_and_hobbies,audio_transcript,3.1867926410409807e-06,-0.055917757225635197,10000
home_and_hobbies,comment_section,6.957080819426387e-06,0.8801963336976208,10000
home_and_hobbies,content_listing,2.6467233023448445e-06,-0.19001003190304785,10000
home_and_hobbies,creative_writing,8.603756401672192e-06,1.289044714189236,10000
home_and_hobbies,customer_support,3.2490087382345933e-06,-0.04047030002618767,10000
home_and_hobbies,documentation,1.4599568785008454e-05,2.7777278580270224,10000
home_and_hobbies,faq,3.0625903741947622e-06,-0.08675558357161654,10000
home_and_hobbies,knowledge_article,3.773189816314115e-06,0.0896771237698679,10000
home_and_hobbies,legal_notices,1.632949387988225e-06,-0.44171706365733204,10000
home_and_hobbies,listicle,6.799757393282313e-07,-0.6783281709735901,10000
home_and_hobbies,news_article,2.092506454253762e-06,-0.3276149513093178,10000
home_and_hobbies,news_org,6.148364737740986e-06,0.6794025259558086,10000
home_and_hobbies,nonfiction_writing,3.1487466827123888e-06,-0.0653640796309761,10000
home_and_hobbies,personal_blog,7.285136349136856e-06,0.9616483048566996,10000
home_and_hobbies,product_page,4.0639100487533945e-06,0.16185922052922982,10000
home_and_hobbies,q_a_forum,5.182345411366775e-06,0.4395523445539319,10000
home_and_hobbies,spam_ads,4.245643437900837e-06,0.20698128503014926,10000
home_and_hobbies,structured_data,4.118561314600289e-06,0.17542842734460365,10000
home_and_hobbies,truncated,2.548179458716948e-06,-0.21447720158059658,10000
home_and_hobbies,tutorial,4.405072995204762e-06,0.24656559478065043,10000
home_and_hobbies,user_review,2.482983709830844e-06,-0.23066446799446313,10000
industrial,about_org,4.086450450813883e-06,0.16745571262361789,10000
industrial,about_pers,7.369828906479725e-06,0.9826763781958938,10000
industrial,academic_writing,7.810199439032183e-06,1.0920147208491262,10000
industrial,audio_transcript,7.455717990975507e-06,1.0040015338468422,10000
industrial,comment_section,2.7764386701516486e-06,-0.1578033734546629,10000
industrial,content_listing,5.7442388352036745e-06,0.5790632590421949,10000
industrial,creative_writing,-2.976753144654595e-06,-1.5862469488024817,8443
industrial,customer_support,7.518962242368188e-06,1.0197042685178919,10000
industrial,documentation,2.9772127518121393e-05,6.544879161434856,10000
industrial,faq,6.809504703164748e-06,0.8435550809922616,10000
industrial,knowledge_article,3.8661698493843934e-06,0.11276287080389756,10000
industrial,legal_notices,1.68463006319441e-05,3.3355624958406143,10000
industrial,listicle,3.7198620958393215e-06,0.07643653625736402,10000
industrial,news_article,2.351439083723672e-06,-0.2633253077653076,10000
industrial,news_org,3.189247313765353e-06,-0.055308293540852906,10000
industrial,nonfiction_writing,3.567467466344354e-06,0.03859890865395885,10000
industrial,personal_blog,5.347338226410514e-06,0.4805179396903974,10000
industrial,product_page,5.936061912694468e-06,0.6266904634646149,10000
industrial,q_a_forum,4.277080350434836e-06,0.21478666631821872,10000
industrial,spam_ads,3.325069233329314e-06,-0.021585456785568707,10000
industrial,structured_data,1.825317973099523e-05,3.684872491929871,10000
industrial,truncated,7.855977881053633e-07,-0.6521035739416468,10000
industrial,tutorial,5.0126650142885865e-06,0.39742288305309587,10000
industrial,user_review,5.520303428878798e-06,0.5234629761462828,10000
literature,about_org,3.022007809193017e-06,-0.09683171280803249,10000
literature,about_pers,3.592223025323449e-06,0.04474539573732457,10000
literature,academic_writing,1.6423236385570416e-06,-0.439389557738919,10000
literature,audio_transcript,7.3759177085575e-07,-0.6640228509491971,10000
literature,comment_section,4.271191843981193e-06,0.2133246258573994,10000
literature,content_listing,4.3127032858112816e-06,0.22363138327039064,10000
literature,creative_writing,3.1698202030464808e-06,-0.06013179541376559,10000
literature,customer_support,6.786238984689954e-05,16.002201680532647,10000
literature,documentation,-4.418601577462003e-06,-1.9442393809631024,7164
literature,faq,1.7006651362856394e-06,-0.42490411378203413,10000
literature,knowledge_article,6.652702551589451e-07,-0.6819793536666363,10000
literature,legal_notices,3.114786371521847e-07,-0.7698212647346905,5366
literature,listicle,7.476753884877673e-07,-0.661519218307287,10000
literature,news_article,5.570207012475237e-07,-0.7088563264491343,10000
literature,news_org,2.731925530652024e-06,-0.16885541381479147,10000
literature,nonfiction_writing,1.5269474768516925e-06,-0.4680359756303148,10000
literature,personal_blog,6.038739281738969e-06,0.6521839343702386,10000
literature,product_page,3.579907673235283e-06,0.04168765211695485,10000
literature,q_a_forum,5.432893828179885e-06,0.5017602958670081,10000
literature,spam_ads,7.401921778160414e-06,0.9906446257083028,10000
literature,structured_data,4.170866083151914e-06,0.18841502904374055,10000
literature,truncated,7.919422452535175e-06,1.119133391135236,10000
literature,tutorial,6.280000442055878e-06,0.7120859792748989,10000
literature,user_review,5.003783120579186e-06,0.3952176230140574,10000
politics,about_org,4.972419965893482e-06,0.38743055485162686,10000
politics,about_pers,3.7766135118672215e-06,0.09052718336708065,10000
politics,academic_writing,7.857975288725783e-07,-0.6520539808766409,10000
politics,audio_transcript,2.4445279679806477e-06,-0.2402125343808082,10000
politics,comment_section,6.267734830145067e-06,0.7090405855011999,10000
politics,content_listing,2.829304979423597e-06,-0.1446773484127864,10000
politics,creative_writing,5.556588840385423e-06,0.5324721774060249,10000
politics,customer_support,4.820571327262612e-06,0.34972848976154025,10000
politics,documentation,5.070578761281386e-06,0.41180212200064503,10000
politics,faq,5.627739155250922e-06,0.5501378860118171,10000
politics,knowledge_article,2.047432590538811e-06,-0.33880621228449054,10000
politics,legal_notices,2.649321631096768e-06,-0.18936490027319766,10000
politics,listicle,2.0417712104332964e-06,-0.3402118601925809,10000
politics,news_article,3.932116470296343e-07,-0.7495280089887555,10000
politics,news_org,4.6897445044973725e-06,0.3172458713337609,10000
politics,nonfiction_writing,3.146151976863365e-06,-0.06600831174060554,10000
politics,personal_blog,4.632625379573696e-06,0.3030639268318004,10000
politics,product_page,4.787980421376137e-06,0.34163658675763015,10000
politics,q_a_forum,3.3135070750982097e-06,-0.024456192052880833,10000
politics,spam_ads,4.732482951917305e-06,0.3278572784626225,10000
politics,structured_data,8.477909687595809e-06,1.2577985927339412,10000
politics,truncated,8.621658636778662e-07,-0.6330927049928993,10000
politics,tutorial,8.036837131702512e-06,1.1482859467090774,10000
politics,user_review,5.670817489428703e-06,0.5608336826537044,10000
religion,about_org,2.913350655312996e-06,-0.12380988742339127,10000
religion,about_pers,3.2841545344554745e-06,-0.03174405059313411,10000
religion,academic_writing,-2.1399711109065576e-06,-1.3784847259268795,10000
religion,audio_transcript,1.809361925593578e-06,-0.3979160981994023,10000
religion,comment_section,4.556810809818002e-06,0.28424014369170575,10000
religion,content_listing,3.42871947714638e-06,0.00414956642062514,10000
religion,creative_writing,3.3212185103693945e-06,-0.022541541798827815,10000
religion,customer_support,5.80062059361488e-06,0.593062124917313,10000
religion,documentation,-8.475985072855796e-07,-1.057605220771689,1884
religion,faq,3.88122851070527e-06,0.11650174284389905,10000
religion,knowledge_article,9.85480218099255e-07,-0.6024753358886625,10000
religion,legal_notices,4.350768974421681e-06,0.2330826044510888,10000
religion,listicle,3.944679585981659e-07,-0.7492160829750798,10000
religion,news_article,-3.80383810241669e-07,-0.9416018171335768,10000
religion,news_org,3.1942989794814026e-06,-0.05405402987831955,10000
religion,nonfiction_writing,2.6353154921489265e-06,-0.19284244453723276,10000
religion,personal_blog,3.0032433549271655e-06,-0.10149068560153154,10000
religion,product_page,2.7780739891838825e-06,-0.1573973447595607,10000
religion,q_a_forum,3.1927304975433063e-06,-0.054443463782079995,10000
religion,spam_ads,3.909496693673997e-06,0.12352036931216934,10000
religion,structured_data,2.6503280539149187e-06,-0.18911501842413939,10000
religion,truncated,4.253234466918088e-06,0.20886603995906797,10000
religion,tutorial,6.6645169796153435e-09,-0.84550269265358,10000
religion,user_review,5.326320601075585e-06,0.47529953348299764,10000
science_math_and_technology,about_org,4.4510691377412925e-06,0.2579858457321308,10000
science_math_and_technology,about_pers,4.719826041038466e-06,0.32471473018496944,10000
science_math_and_technology,academic_writing,3.737240126998254e-06,0.08075127801467617,10000
science_math_and_technology,audio_transcript,4.077720267067519e-06,0.16528812021830214,10000
science_math_and_technology,comment_section,2.413146276462541e-06,-0.2480042050004495,10000
science_math_and_technology,content_listing,4.5092038509871205e-06,0.27241994775997835,10000
science_math_and_technology,creative_writing,5.226150079671754e-06,0.45042848062321,10000
science_math_and_technology,customer_support,5.134523339453522e-06,0.42767873880894297,10000
science_math_and_technology,documentation,1.3809184656888007e-05,2.581485638714096,10000
science_math_and_technology,faq,4.313496575879672e-06,0.22382834699731927,10000
science_math_and_technology,knowledge_article,1.1647818629327843e-06,-0.5579570422429331,10000
science_math_and_technology,legal_notices,2.47435649274248e-06,-0.2328064951021443,10000
science_math_and_technology,listicle,1.563356417377726e-06,-0.4589961037029115,10000
science_math_and_technology,news_article,1.7360230948460397e-06,-0.41612518716724,10000
science_math_and_technology,news_org,4.271279138728467e-06,0.21334630002104973,10000
science_math_and_technology,nonfiction_writing,1.996667172403166e-06,-0.3514106130623482,10000
science_math_and_technology,personal_blog,3.1524918913002908e-06,-0.06443419247999357,10000
science_math_and_technology,product_page,4.281350087285052e-06,0.21584678709437988,10000
science_math_and_technology,q_a_forum,3.779011707161395e-06,0.09112262443191271,10000
science_math_and_technology,spam_ads,5.246228591579083e-06,0.45541371703802186,10000
science_math_and_technology,structured_data,2.9442578309358148e-06,-0.11613603300106148,10000
science_math_and_technology,truncated,4.039600501536889e-06,0.15582347243342232,10000
science_math_and_technology,tutorial,7.756415609290013e-06,1.0786608872684198,10000
science_math_and_technology,user_review,6.085513875368686e-06,0.6637974647218464,10000
social_life,about_org,4.102066375880553e-06,0.1713329460885601,10000
social_life,about_pers,1.0076380196021262e-05,1.6546782730301905,10000
social_life,academic_writing,1.9243247356949935e-06,-0.3693723101979886,10000
social_life,audio_transcript,4.726767426033285e-06,0.3264381868537261,10000
social_life,comment_section,6.118104942589486e-06,0.6718894077829954,10000
social_life,content_listing,4.37617838350306e-06,0.23939143411017827,10000
social_life,creative_writing,5.737168771078416e-06,0.5773078529994081,10000
social_life,customer_support,5.255494799288507e-06,0.4577143973032445,10000
social_life,documentation,2.104833730412659e-06,-0.32455424709545905,436
social_life,faq,7.982587207686031e-06,1.1348163879112954,10000
social_life,knowledge_article,3.9572211698850165e-06,0.13536974329880155,10000
social_life,legal_notices,4.0085629166942026e-06,0.1481172390780964,10000
social_life,listicle,5.657280416361133e-06,0.5574726014183075,10000
social_life,news_article,1.5347203851866277e-06,-0.4661060624047152,10000
social_life,news_org,3.829218131232748e-06,0.10358823416898834,10000
social_life,nonfiction_writing,2.2317416676286507e-06,-0.29304463757569843,10000
social_life,personal_blog,5.62330934430828e-06,0.5490380208961196,10000
social_life,product_page,6.432463593687654e-06,0.7499406200440814,10000
social_life,q_a_forum,1.1077453905375731e-05,1.9032320071325117,10000
social_life,spam_ads,3.3753917784413723e-06,-0.009091015686720797,10000
social_life,structured_data,5.0186024029899915e-06,0.3988970603476956,10000
social_life,truncated,3.382315063381199e-06,-0.00737205302895812,10000
social_life,tutorial,4.555614424842247e-06,0.2839430966807125,10000
social_life,user_review,6.990650743538485e-06,0.8885313143425266,10000
software,about_org,1.0777533085322589e-06,-0.5795651136243364,10000
software,about_pers,3.2697914854598054e-06,-0.03531021103427705,10000
software,academic_writing,3.025496903367486e-06,-0.09596541557377775,10000
software,audio_transcript,3.714712358257621e-06,0.07515792261121795,10000
software,comment_section,3.392649312380769e-06,-0.0048061918401325595,10000
software,content_listing,1.4847088222412098e-06,-0.47852329062899107,10000
software,creative_writing,2.927954349817341e-06,-0.12018397779573238,10000
software,customer_support,2.5369776272711864e-06,-0.21725847233879506,10000
software,documentation,2.726271353846066e-06,-0.170259273236194,10000
software,faq,3.76145805764796e-06,0.08676427889459849,10000
software,knowledge_article,4.929267096532187e-07,-0.7247700406895773,10000
software,legal_notices,-1.756627821617318e-06,-1.2833055147403745,10000
software,listicle,3.4758108871369543e-06,0.015841758202235524,10000
software,news_article,1.2115487523669088e-06,-0.5463454247440601,10000
software,news_org,2.1358213367736132e-06,-0.3168604227547174,10000
software,nonfiction_writing,1.1829030597090063e-06,-0.5534577820155945,10000
software,personal_blog,2.700245324629336e-06,-0.17672120174877648,10000
software,product_page,2.9232806584417403e-06,-0.12134439528806315,10000
software,q_a_forum,3.309230841035626e-06,-0.025517926003356926,10000
software,spam_ads,1.6246945448312068e-06,-0.44376663510440256,10000
software,structured_data,6.154421108056151e-06,0.6809062448557002,10000
software,truncated,-6.415084477356459e-06,-2.439940421958563,10000
software,tutorial,3.714085630473107e-06,0.0750023141583628,10000
software,user_review,1.653444423679673e-06,-0.43662840974097394,10000
software_development,about_org,1.1817323086353858e-06,-0.5537484644581895,10000
software_development,about_pers,3.965986166803326e-06,0.1375459793672185,10000
software_development,academic_writing,5.965350528884805e-07,-0.6990454208592499,10000
software_development,audio_transcript,2.446462250023984e-06,-0.2397322770129583,10000
software_development,comment_section,4.775840748308724e-06,0.3386224619799128,10000
software_development,content_listing,5.901790374322502e-06,0.618181281017624,10000
software_development,creative_writing,-6.220139261118973e-07,-1.0015954689595243,10000
software_development,customer_support,5.045611591226118e-06,0.40560309460714156,10000
software_development,documentation,3.4177460082237763e-06,0.0014249951415254711,10000
software_development,faq,5.744584156891408e-06,0.5791489979784497,10000
software_development,knowledge_article,1.0923241630216296e-06,-0.575947357750266,10000
software_development,legal_notices,1.8003663801516631e-06,-0.40014957650273014,10000
software_development,listicle,6.477507293823459e-07,-0.6863292267187252,10000
software_development,news_article,1.6385789894398873e-06,-0.44031930598050645,10000
software_development,news_org,3.715478300653885e-07,-0.7549068562714842,10000
software_development,nonfiction_writing,2.6276763555965756e-06,-0.19473914394873634,10000
software_development,personal_blog,1.883166194367547e-06,-0.3795914469524023,10000
software_development,product_page,1.7238434845053162e-06,-0.41914922785656167,10000
software_development,q_a_forum,2.6490952006446024e-06,-0.1894211200439042,10000
software_development,spam_ads,-2.809738393707864e-06,-1.5447793329715278,10000
software_development,structured_data,2.336793799333492e-08,-0.8413554479237986,10000
software_development,truncated,1.0171510470821988e-06,-0.5946118761531124,10000
software_development,tutorial,5.607976622006206e-06,0.5452311030373018,10000
software_development,user_review,5.094153315854832e-07,-0.7206761278106659,10000
sports_and_fitness,about_org,2.744931203102352e-06,-0.16562627252196377,10000
sports_and_fitness,about_pers,5.571310576293875e-06,0.5361273951970041,10000
sports_and_fitness,academic_writing,2.8577406404468597e-06,-0.1376171392963595,10000
sports_and_fitness,audio_transcript,-1.4040271054454934e-06,-1.1957592892899296,10000
sports_and_fitness,comment_section,5.500392252594466e-06,0.5185192870157075,10000
sports_and_fitness,content_listing,6.573853373445182e-07,-0.6839370774062095,10000
sports_and_fitness,creative_writing,2.946827704243216e-06,-0.11549796649231618,10000
sports_and_fitness,customer_support,5.208163077006933e-06,0.4459625390687839,10000
sports_and_fitness,documentation,4.7299261286261515e-06,0.327222452105165,9177
sports_and_fitness,faq,5.082770687816352e-06,0.4148292206426831,10000
sports_and_fitness,knowledge_article,-8.91843931388081e-08,-0.869300744981749,10000
sports_and_fitness,legal_notices,-4.107186172205568e-07,-0.9491335597789188,10000
sports_and_fitness,listicle,3.1522276114675397e-06,-0.06449980976537865,10000
sports_and_fitness,news_article,-8.127913803087416e-07,-1.0489630585586334,10000
sports_and_fitness,news_org,3.380292741183433e-06,-0.007874169635473452,10000
sports_and_fitness,nonfiction_writing,2.9291084849773607e-06,-0.11989742087090151,10000
sports_and_fitness,personal_blog,3.943143122328152e-06,0.1318743450514687,10000
sports_and_fitness,product_page,3.7347698776419414e-06,0.08013794685240719,10000
sports_and_fitness,q_a_forum,5.931855232623029e-06,0.6256459988760842,10000
sports_and_fitness,spam_ads,3.3614352007827253e-06,-0.012556254519716087,10000
sports_and_fitness,structured_data,3.528155900568031e-06,0.028838352187627436,10000
sports_and_fitness,truncated,2.3694780615644008e-06,-0.25884646144279916,10000
sports_and_fitness,tutorial,4.6638032493846906e-06,0.31080499114151633,10000
sports_and_fitness,user_review,1.2933796191109792e-06,-0.526027872396008,10000
transportation,about_org,4.320073845616967e-06,0.22546139852801736,10000
transportation,about_pers,-2.691390514350189e-07,-0.9139811734763431,10000
transportation,academic_writing,2.487124902038662e-06,-0.22963626320067987,10000
transportation,audio_transcript,3.787207348970689e-06,0.09315749694532507,10000
transportation,comment_section,4.8400871989559664e-06,0.3545740298434718,10000
transportation,content_listing,2.3456250015041925e-06,-0.26476886964544266,10000
transportation,creative_writing,2.941978575105075e-06,-0.11670194292598612,10000
transportation,customer_support,3.833188799213616e-06,0.1045740999891603,10000
transportation,documentation,5.503023715775512e-06,0.5191726454983947,10000
transportation,faq,2.706407965926516e-06,-0.17519109713007158,10000
transportation,knowledge_article,2.08073493692158e-06,-0.3305376677502987,10000
transportation,legal_notices,6.258096346023656e-06,0.7066474737881699,10000
transportation,listicle,1.0675070131613395e-06,-0.5821091370577354,10000
transportation,news_article,1.3071185045373746e-06,-0.5226166837460369,10000
transportation,news_org,4.757062196729578e-06,0.3339599890047313,10000
transportation,nonfiction_writing,2.1446567004985705e-07,-0.7939083374490243,10000
transportation,personal_blog,3.0076556295407288e-06,-0.10039517453092993,10000
transportation,product_page,1.791377689787732e-06,-0.4023813527783106,10000
transportation,q_a_forum,7.126320226836924e-06,0.9222163031325171,10000
transportation,spam_ads,2.023137165238431e-06,-0.344838454090049,10000
transportation,structured_data,1.734515209466636e-06,-0.41649957572439306,10000
transportation,truncated,1.3043767407355133e-06,-0.523297428455054,10000
transportation,tutorial,4.852538679198659e-06,0.35766557233480156,10000
transportation,user_review,-3.125098063404553e-07,-0.9247495744260935,10000
travel_and_tourism,about_org,4.470623541952534e-06,0.26284095294295184,10000
travel_and_tourism,about_pers,4.293805131962003e-06,0.2189392145889183,10000
travel_and_tourism,academic_writing,4.155284493983058e-06,0.18454632074086774,10000
travel_and_tourism,audio_transcript,4.169333037978262e-06,0.18803439363308305,10000
travel_and_tourism,comment_section,7.968616998047295e-07,-0.6493068894544659,10000
travel_and_tourism,content_listing,1.6355679285401158e-06,-0.44106691369735507,10000
travel_and_tourism,creative_writing,3.5802295946731456e-06,0.04176758107195653,10000
travel_and_tourism,customer_support,2.0696987021842085e-07,-0.7957694481951936,10000
travel_and_tourism,documentation,-3.1986930993605925e-06,-1.6413517867112184,816
travel_and_tourism,faq,6.999289361621486e-06,0.8906761721706263,10000
travel_and_tourism,knowledge_article,1.3083204867564646e-06,-0.522318247011471,10000
travel_and_tourism,legal_notices,-1.7075589592051798e-06,-1.2711223469409179,10000
travel_and_tourism,listicle,3.341803760193329e-07,-0.7641847147850528,10000
travel_and_tourism,news_article,6.23897164992826e-07,-0.6922517601398541,10000
travel_and_tourism,news_org,1.8866345662632344e-06,-0.3787302947936022,10000
travel_and_tourism,nonfiction_writing,5.450091560640525e-07,-0.7118386387202414,10000
travel_and_tourism,personal_blog,4.071746459256253e-06,0.16380490052685978,10000
travel_and_tourism,product_page,1.6120031944399035e-06,-0.4469177342703106,10000
travel_and_tourism,q_a_forum,5.248045908919607e-06,0.45586493357364277,10000
travel_and_tourism,spam_ads,3.408107257163895e-07,-0.7625384841826426,10000
travel_and_tourism,structured_data,-1.1903425565344071e-06,-1.14270416252402,10000
travel_and_tourism,truncated,-5.6888833704071835e-08,-0.8612821727053845,10000
travel_and_tourism,tutorial,4.362792239983193e-06,0.2360678267414081,10000
travel_and_tourism,user_review,2.800252790834179e-06,-0.15189063339896502,10000
